url,article
https://www.bbc.com/korean/articles/c51z0dv8v4wo,"올해 패션 위크에선 폴카닷(물방울)무늬가 얼마나 많이 등장했을까. 우리가 하나하나 세어본 결과 1248만7396개에 달했다. 즉, 이번 시즌 런웨이는 물방울무늬로 가득 찬 모습이었다. 보통 여름철이면 무늬 있는 옷이 유행하긴 하지만, 시대를 초월하며 여러 가지로 응용될 수 있는 이러한 물방울무늬는 2024년 내내 자주 보일 것으로 보인다.
‘텔레그래프’지는 “물방울무늬는 우아한 느낌과 깊은 인상을 동시에 남길 수 있다”고 평가하며 “물방울무늬는 재미있다. 너무 심각해 보이지도 않는다. 심지어 ‘폴카’라는 이름마저도 즐거운 느낌”이라고 설명했다.  
“이제 사람들은 자신만의 물방울무늬를 즐기고 있습니다. 크고 대담할 수도 있고, 아니면 눈에 띄지 않을 정도로 작을 수도 있죠. 한방 강력하게 먹이거나, 들리지 않을 정도로 속삭이는 형태일 수도 있습니다 . 물방울무늬는 모든 이들을 위한 무늬입니다. 성별도, 계급도, 나이도, 시대도 초월하죠. 모두 물방울무늬에 뛰어들 시간입니다.

"
,"마지막에 씨를 뱉어내야 한다는 점만 제외한다면, 다들 체리를 사랑한다. 그리고 이번 시즌, 런웨이는 체리처럼 눈에 띄고, 활기차고, 자신감 넘치는 빨간색 물결을 이뤘다.

머리부터 발끝까지 체리레드색으로 뒤덮은 브랜드도 있었으며, 치마나 재킷 등 제한적으로 빨간색을 사용한 브랜드도 있었다. 혹은 다른 색과 조합해 조화를 이뤄 표현한 곳도 있었다.

유명 패션 잡지 ‘보그’의 알렉스 케슬러는 “최근 런웨이뿐만 아니라 레드카펫 행사에서도 밝은 빨간색에 대한 열정이 곳곳에서 눈에 띄었다”고 평가했다.

“2024년 봄/여름 [컬렉션]에선 이러한 체리래드색을 더 깊고 화려하게 연출했습니다.”"
,"이번 시즌 몇몇 디자이너들은 주방 싱크대 아래쪽 파이프에서 영감을 얻은 듯한 모습이다. 마치 금속 같은 광택이 있는 다양한 의상과 드레스를 선보인 것이다.

지난 10년간 가장 인기가 높았던 ‘맷 갈라’ 테마는 바로 2016년 ‘인간 대 기계’테마였다. 당시 수많은 유명 스타들이 은빛의, 미래지향적인 색상의 의상과 함께 로봇에서 영감받은 듯한 액세서리를 선보였다.

당시 스타들이 선보였던 룩을 연상시키는 이번 트렌드는 “2024년 봄/가을 시즌 런웨이는 반짝이는 금속 같은 소재로 번들거렸다”는 ‘네타포르테’의 평가처럼 올해 파리 패션 위크를 휩쓸었다.

하지만 금속 중에서도 금 같은 소재를 원한다면 너무 과한 룩이 되지 않도록 주의해야 한다. 패션 플랫폼 ‘스타일캐스터’는 “메탈릭(금속성) 골드는 자칫 검투사 같아 보일 수 있다”면서 “조금 더 부드러운 룩을 위해선 메탈릭 골드를 데님이나 가죽 등 소재가 다른 아이템과 함께 사용하면 된다”는 조언을 건넸다."
,"니트도 빠질 수 없다. 사실 영국에선 워낙 날씨 조건이 좋지 않은 탓에 멋진 가디건이나 점퍼는 늘 유행 아이템 목록에서 빠지지 않는다.

패션 플랫폼 ‘후 왓 웨어’는 이번 봄/가을 컬렉션도 “니트 소재가 1년 내내 필요한 필수품임을 인정했다”면서 “그러나 여러분 옷장의 다른 아이템보다 더 멋스러워야 한다”고 언급했다.

그러면서 ‘이번에 에르뎀이 선보인 수놓은 가디건은 가장 아름다운 작품 중 하나로 손꼽힌다”고 덧붙였다.

‘W 매거진’ 등에서도 “가디건과 페어아일무늬의 니트가 이번 시즌 가장 두드러지는 니트 트렌드”라고 제안했다."
,"올해 런웨이에선 아름답고 복잡한 눈꽃무늬도 자주 눈에 띄었다. 우리가 학창 시절 종이와 가위로 만든 눈송이보단 조금 더 정교하다는 점을 인정하고 넘어가겠다.

패션 플랫폼 ‘드레이퍼스’는 “이번 시즌 디자이너들은 공예가가 다 됐다”면서 “2024년 봄/가을 시즌 파리 패션 위크 런웨이는 대형 레이스와 브로더리 앵클레이스 디자인으로 뒤덮였다”고 설명했다.

(브로더리 앵클레이스가 무엇이냐고? 걱정하지 말라. 이미 우리가 검색해봤다. ‘브로더리 앵클레이스’란 원단에서 작게 원 또는 타원형으로 잘라내 눈꽃무늬를 만들어내는 패턴을 뜻한다.)

패션 위크에선 이러한 눈꽃무늬를 전면 혹은 중앙에 배치한 의류와 함께 얇은 소재로 겉을 덮어 언뜻언뜻 보이게 디자인한 모습도 찾아볼 수 있었다."
,"만약 여러분들이 버려진 선물 포장지가 어지럽게 널려진 방에서 이 기사를 읽고 있다면, 선물 포장에 쓰였던 리본을 쓰레기통에 버리지 말고 챙겨둬야 할지도 모른다.

이번 시즌, 여러 주요 브랜드의 디자이너들이 커다란 리본 장식을 선보였다. 이에 내년엔 리본으로 등장할 다양한 드레스를 만나볼 수 있을 것이다.

패션 플랫폼 ‘인스타일’에 따르면 “식스도나 아크나스 등의 브랜드에선 과장되고 화려한 모양의 리본을 선보였는데, 이를 통해 단순하거나 꾸미지 않은 듯한 룩에 약간의 재미를 줬다”고 설명했다.

그러나 모든 브랜드가 크고 눈에 띄는 리본을 선택한 건 아니다. 크기가 훨씬 작은 리본으로 옷과 액세서리에 사용한 브랜드들도 있었다.

패션 플랫폼 ‘나일론’은 “작고 앙증맞은 (리본) 액세서리는 어떻게 착용하든 간에 부드럽고 로맨틱한 느낌을 주며, 다양한 실루엣의 옷을 장식할 수 있다”고 제안했다."
,"타블로이드지의 ‘다리 노출’ 관련 헤드라인 문구가 이미 지긋지긋한 이들이라면 이번 트렌드는 건너뛰고 싶을 수도 있다.

올여름엔 다양한 색상, 스타일, 원단의 짧은 반바지가 큰 인기를 끌 것으로 보인다.

‘네타포르테’는 “헬스장에서 열심히 했던 다리 운동이 곧 가치 있어질 것”이라면서 “최근 런웨이에선 매우 짧은 반바지가 내년 여름 궁극적인 패션 아이템이 될 것임을 시사하고 있다”고 설명했다."
,"감히 말하건대 내년 가장 중요한 패션 트렌드는 당연 ‘그린’이다. 물론 색깔을 말하는 건 아니다.

오염 물질을 대거 배출하는 패션 산업계에선 지속가능성이 오랫동안 이슈로 떠오르고 있었다. 전 세계 수많은 소비자들이 저렴한 패션 제품을 사서 몇 번 입지도 않은 뒤, 이를 내다 버린다.

‘미리 사랑받은 패션 아이템’ 즉 중고 아이템을 전문적으로 다루는 웹사이트가 인기를 얻는 등 현재 패션 업계의 탄소 발자국을 해결하고자 몇몇 소규모 조치가 이뤄지고는 있으나, 더욱더 적극적인 조치가 필요하다는 목소리가 높다.

그래서 우리는 업계의 관행을 바꾸거나, 이미 사용된 적 있는 자료를 디자인에 사용해 지속가능성을 주목하는 디자이너들에게 박수를 보내고자 한다.

영국 ‘보그’지는 브랜드 ‘스텔라 매카트니’에서 기존 섬유보다 탄소 발자국이 현저히 낮다고 알려진, 해조류 기반 섬유인 켈선(Kelsun)을 사용했다는 점에 주목했다.

한편 브랜드 ‘에크하우스 라타’는 3D 직조 바지를 선보였다. 직물 제조 공정을 생략해 제조 공장을 단순화해 초과 재고량을 줄였다.

패션 플랫폼 ‘패션 유나이티드’는 “버려진 소재와 재고품을 활용해 옷을 만들어 2번째 생명을 부여한다”면서 “원래대로라면 매립지행이었을 소재들을 구조해 재가공한다. 불완전하거나 이미 사용한 흔적이 있는 것들끼리 조각내고, 덧대고, 겹쳐서 이를 숨기는 대신 축복한다”고 평가했다.

탄소 발자국에 대한 소비자들의 인식이 높아지면서, 아마도 많은 이들은 내년 패션 아이템으로 이미 옷장에 있는 옷을 선택할 것이다."
https://news.samsungcnt.com/ko/%EC%A0%84%EC%B2%B4%EA%B8%B0%EC%82%AC/%ED%8C%A8%EC%85%98%EB%B6%80%EB%AC%B8/2023-12-%EC%82%BC%EC%84%B1%ED%8C%A8%EC%85%98%EC%97%B0%EA%B5%AC%EC%86%8C%EA%B0%80-%EB%82%B4%EB%8B%A4%EB%B3%B8-24%EB%85%84-%ED%8C%A8%EC%85%98-%EC%8B%9C%EC%9E%A5-%EC%A0%84%EB%A7%9D-%EB%B0%8F-23/,"임지연 삼성패션연구소장은 “경기불황이 장기화 조짐을 보이며 불안한 성장을 지속해온 패션 마켓, 2023년 잠시 숨을 고르는 브레이크포인트(Breakpoint)를 지나왔다” 라며, “다가올 2024년은 우울한 상황을 정리할 ‘마무리 짓기’가 필요하며, 게임을 끝낼 마지막 한방을 위한 투수의 준비 동작처럼 크게 팔을 뻗는 ‘와인드업’이 중요하다는 중의적 의미로, ‘와인드업(WINDUP)’을 내년의 키워드로 제안한다” 라고 말했다.

각 분야별로 살펴보면, 비즈니스 관점에서는 무엇보다 패션의 영역 확장에 주목해야 한다. 팬데믹을 거치며 삶의 관점 변화가 확연히 이루어져 왔다. 패션은 소비자들이 지향하는 웰빙과 ‘좋은 삶’을 추구하는 경향과 발맞춰, 건강한 생활과 긍정적인 마인드의 중요성을 부각시키는 애슬레저(Athleisure) 영역에서 비즈니스 기회를 엿본다.

올해 가시적이었던 스포츠 브랜드의 성장과 아웃도어 브랜드들의 재도약 역시 같은 맥락에 있다. 더 나은 삶을 추구하는 방향성은 향기 비즈니스와도 부합해, 많은 패션 기업들이 니치 향수와 조향을 활용한 라이프스타일 브랜드 등 관련 비즈니스의 가치를 높게 평가하며 시장 진입 중이다. 좋은 옷을 입는 것을 포함, 좋은 삶을 영위하는 것으로 나아가는 라이프스타일의 변화에 따라, 이제는 보다 통합적인 개념의 ‘웰니스(Wellness)’가 패션과 짝을 이루는 가장 멋진 키워드로 부상한다.

브랜드 관점에서는 벤치마킹 전략을 버려야 할 때이다. 소비자의 사랑을 받으며 무서운 성장세를 보이는 브랜드들을 보면서, 대체불가능한 브랜드만이 살아남을 수 있음을 학습했다. 브랜드 자체의 스토리텔링과 오리지널 컨텐츠의 중요성은 패션업계에 있어서도 예외가 아니다. 벤치마킹은 오랫동안 선진기업들을 연구하며 창조적으로 모방하는 패스트 팔로워에게 가장 훌륭한 전략으로 여겨졌지만, 이제 다른 브랜드의 방식을 따르는 것으로는 역동적 경쟁 상황에서 결코 살아남을 수 없다. 옛 방식을 답습하지 않고 저마다의 방식과 콘텐츠를 확보하는 것이 생존을 위한 필수불가결한 조건이다.

MZ소비자를 강조했던 몇 해를 지나며, 이제는 시선을 돌려볼 때가 됐음을 다시 한번 절감한다. 불황기에 유년시절을 보냈고 앞으로도 부모세대를 뛰어넘는 부를 누리기가 확률적으로 낮은 MZ세대에서, 역사상 가장 부유한 세대로 불리는 X세대로 소비자 관점의 범위를 넓히는 것이 필요하다. X세대는 전 세계 인구와 총 지출의 약 3분의 1을 차지하고 있으며, 부모인 베이비부머 세대의 부를 이어받을 세대이다.

그간 MZ 소비자들보다도 높은 브랜드 충성도를 보임에도 불구하고 브랜드 전략이나 광고에 있어서는 외면 받아온 것이 사실이다. 국내에서 처음으로 ‘신세대’로 불렸던 이들은 문화적 감수성이 풍부하고 트렌드에 민감하며, 패션감각이나 모바일 활용 등에 있어서도 MZ세대 못지 않은 감각을 자랑한다. 실질적 구매력과 경제력을 갖춘 이들 세대를 패션 업계에서도 폭넓은 시각으로 이해할 필요가 있다.

스타일에 있어서도, X세대의 전성기였던 90년대의 미니멀리즘이 부상하고 있다. 패션의 패러다임이 변화한 패션의 황금기로 평가되던 90년대를 회고하는 무드는 내년 패션을 미리 선보이는 24년 봄여름 시즌 패션위크에서도 주요 경향으로 나타났다. ‘24년 봄여름 시즌 뉴욕 패션위크에서는 현재 패션계의 루키로 떠오르고 있는 피터 도(Peter Do)가 90년대의 전설적인 브랜드 ‘헬무트 랭(Helmut Lang)’의 CD를 맡으며 미니멀리즘의 컴백을 알렸다.

블랙과 화이트, 절제된 컬러로 심플하고 간결한 커팅을 더한 에센셜 웨어의 가치가 재조명된다. ‘23년을 뜨겁게 달군 ‘조용한 럭셔리(Quiet Luxury)’와 이어진다. 과다한 장식과 고급 소재의 사용을 최소화했던 90년대 미니멀리즘은, 새로운 형태와 볼륨을 더하며 지속가능한 패션의 미래로 진화하고 있다. 장기화되는 경기 불황 예고는 간결하고 단순한, 본질에 집중하며, 오히려 패션 그 자체에 집중하게 한다.

패러다임의 변화는 패션 기업의 잠재력을 평가하는 기준까지도 바꾸고 있다. 이제 시장을 선도하는 패션 기업의 잠재력은 패션 테크, 특히 생성형AI를 얼마나 잘 활용하는가에 달려있다고 해도 과언이 아니다. 진위 분간이 어려운 AI 합성사진을 선보인데 이어 미드저니(Midjourney)를 활용한 가상 모델들의 광고 캠페인을 선보였던 패션 기업들은, 2023년 생성형AI의 원년 이후 더 많은 사용을 고려 중이다. 인간의 수고로움을 필요로 했던 디자인과 일련의 창의성을 필요로 하는 프로세스에도 생성형AI가 도입되며 효율화를 기대한다. 방대한 고객 및 판매 데이터를 통해 트렌드를 예측하며 창의성과 효율성을 동시에 높일 수 있는 생성형AI가 기업의 미래를 결정짓는다.

불황기를 극복하기 위한 전략으로 기업은 수익성을 무엇보다 우선 고려해야 한다. 외형적 성장에 대한 강박에서 벗어나라는 메시지 역시 꾸준히 전달해왔다. 이미 국내 패션 마켓의 양적 성장은 한계에 이르렀다는 지적도 있다. ‘덜 팔면서도 더 버는’ 수익성 개선 게임은 내년 기업들의 가장 중요한 미션이 될 것이다. 올해 3분기 국내 주요 패션업체의 재고자산은 전년 대비 14%까지 증가했다. 불경기에는 재고자산의 증가가 수익성 악화에 직접적 타격을 미친다. 적재적소에 상품을 공급하는 재고 관리와 정교한 브랜딩 등을 통해 더 많이 팔고 더 벌지만, 수익은 나지 않는 최악의 상황을 방지해야 한다.

‘알로스태시스(Allostasis)’는 변화 속에서도 항상성을 유지하는 상태를 의미한다. 끊임없이 급변하는 마켓의 변화 아래, 수익성을 담보한 안정적 성장은 비즈니스의 영속성을 위한 최선의 목표이다."
https://m.fashionn.com/board/read.php?table=fashionnews&number=49315,"2023년 3월 미국 정보 미디어 공유 소셜미디어 사이트인 레딧(Reddit)에 한 범상치 않은 사진이 올라왔다. 프란체스코 교황이 화이트 롱패딩 재킷을 입고 성베드로 광장 주변을 활보하는 모습이 삽시간에 인터넷을 타고 유포됐다.

경건한 카톨릭 지도자인 교황이 평소 입던 제복, 대례복, 어깨 숄, 높은 뾰족 모자 대신 롱패딩 재킷을 입고 나타났기 때문이다.

하지만 이 사진은 미국 시카고에 사는 한 31세 젊은 남성이 미드저니(Midjourney)라는 AI프로그램으로 합성한 가짜 이미지임이 밝혀졌다.

발렌시아가는 2023년 4월 16일 ‘해리포터’ 영화 속 주인공들에게 영감을 받아 AI 합성한 캐릭터 쇼 영상을 틱톡과 유튜브로 공개했다.

이 55초 짜리 초단편 짤(clip)은 독일 유튜버 겸 취미AI예술가 데몬플라잉폭(Demon Flying Fos)가 미드전, 일레븐랩스(ElevenLabs), D-ID 등 개방AI 툴을 사용해 단 2일 만에 생성한 것이었다. 

2023년 발렌시아가, 카사블랑카, 수프라는 AI를 캠페인에 적극 활용했다.

발렌시아가는 ‘Gen AI’를 활용한 패러디 AI 캠페인을 선보였으며, 카사블랑카와 수프라는 AI를 활용해 2023 S/S 시즌 캠페인 화보를 제작했다.

이제 생성형AI로 불리는 챗CPT시대가 도래했다. 인터넷에서 검색하면 알 수 있는 서치시대가 아닌 AI에게 궁금증을 질문하면 몇 초 내에 즉석으로 알려주는 시대다.

AI를 활용한 새로운 툴들은 소비자의 결정에 영향을 미치고 브랜드 참여에 대한 기대치를 재편하고 있다. 



‘챗GPT에게 물어봐’라는 말은 소비자의 일상에 자리잡고 있으며, 정교한 기술 발전으로 40% 이상의 소비자가 음성 비서 안내에 편리함을 느끼고 있는 것으로 나타났다.

이러한 플랫폼들은 이제 소비자들의 일상에 완전히 자리잡을 전망이며, 기업은 전반적인 고객 경험 개선을 위해 생성형AI를 필수로 활용해야 하는 시대가 왔다.

패러다임의 변화는 패션 기업의 잠재력을 평가하는 기준까지도 바꾸고 있다. 이제 시장을 선도하는 패션 기업의 잠재력은 패션 테크, 특히 생성형AI를 얼마나 잘 활용하는가에 달려있다고 해도 과언이 아니다. 

진위 분간이 어려운 AI 합성사진을 선보인데 이어 미드저니(Midjourney)를 활용한 가상 모델들의 광고 캠페인을 선보였던 패션 기업들은, 2023년 생성형AI의 원년 이후 더 많은 사용을 고려 중이다. 

인간의 수고로움을 필요로 했던 디자인과 일련의 창의성을 필요로 하는 프로세스에도 생성형AI가 도입되며 효율화를 기대한다. 

방대한 고객 및 판매 데이터를 통해 트렌드를 예측하며 창의성과 효율성을 동시에 높일 수 있는 생성형AI가 기업의 미래를 결정지을 것으로 보인다."
,"인간은 내가 믿거나 바라는 것과 다른 상황이 펼쳐지면 심리적으로 불편해진다. 사람들은 그것을 줄이기 위해 믿음을 바꾸기보다 상황 합리화 쪽을 대부분 선택한다. 불편하게 만드는 정보의 유입을 차단한다. 

내가 믿고 싶은 것만 찾아서 믿고 믿음을 스스로 다져가는 인지적 속성, 확증편향(Confirmation Bias)은 그렇게 작동되고 강화된다.

아마존, 페이스북 등 성공한 인터넷 기업들은 이런 사람들의 심리를 잘 파고들었다. 그들이 내세운 ‘사용자 편의성’이란 문구를 다시 쓰면 ‘불편함 해소’다. 

컴퓨터 알고리즘은 인터넷 공간에 남긴 흔적을 클릭 하나까지 있는 대로 긁어 모아 나를 숫자로 치환해 분석·분류한다.
 
정치적 성향이 비슷한 것으로 파악된 다른 코드명을 친구로 추천해주고, 취향 매칭 수치가 높은 책과 음악을 골라 배달해준다. 내 코드명은 다른 코드명의 친구 추천 목록에 올라가고 누군가에게 책을 추천한다. 


이런 메커니즘을 통해 업체들은 가입자 네트워크를 키우고 책과 음악을 판다. 인공지능 무기까지 장착한 인터넷 세상의 필터는 더욱 정교하고 강력하게 거르고 가려준다. 

뭔가 고르는 일 자체가 큰일이 된 인터넷 세상에서 취향까지 살펴 내가 찾는 것을 딱 골라주는 ‘맞춤형 시대’가 도래하고 있다. 

나만의 기준과 취향에 맞는 제품을 선택하려는 스마트한 소비자가 늘어남에 따라, 스포츠와 아웃도어 업계는 이들을 겨냥, 상황별, 취향별 선택의 폭을 넓히는 다양한 제품을 출시하고 있다. 

특히, 브랜드별로 차별화된 기술력을 바탕으로 독자적인 기술을 적용한 기능성 제품 출시를 이어갈 전망이다.

K2는 업계 최초 독점 소재와 새로운 기술력을 적용한 제품을 선보이며 제품력을 강화, 소비자들을 공략할 계획이다. 

2024년 S/S 시즌에는 무빙 에어 기술을 적용해 오래 걸어도 편안한 플라이하이크 스페이스와 기존 대비 냉감 기능을 3배로 강화한 냉감 제품군 ‘오싹 메가’를 선보이며, FW시즌에는 고기능성에 고사양 소재를 접목한 프리미엄 다운군을 출시한다.

블랙야크는 고기능성 프리미엄 아웃도어 브랜드를 표방하며, 독일 R&D센터 ‘DNS(Development Never Stops)’의 기술력을 바탕으로 국내외에 고기능성 DNS 라인을 꾸준히 선보일 예정이다."
,"디토소비(Ditto Consumption)란 ‘나도(Ditto)’와 ‘소비(Consumption)’의 합성어로 미디어 혹은 유명인들을 따라 소비하는 트렌드를 말한다.  

과거에는 상품과 구매채널 등을 비교해가며 구매를 했지만, 이제는 정보과잉시대다. 너무나 많은 상품과 가격, 구매채널로 인해 “내가 제대로 된 가격에 적합한 상품을 사는 것이 맞나”라는 불안함을 가지고 있다.

복잡한 소비환경에서 소비자들은 FOBO(fear of better options) 현상이 나타난다. 포보현상이란 자신에게 주어진 상황 중 더 나은 선택지가 있을거란 생각에 선택을 미루는 현상이다.

이에 구매자들은 자신들의 취향에 부합하는 인플루언서를 찾아 따라하는 디토 소비를 함으로써 의사결정의 불안함을 해소한다.

특히 과거처럼 단순히 무조건적으로 연예인 등을 맹목적으로 따라하기 보다는 취향과 영향력에 따른 인플루언서들이 세밀하게 분류되어 있고 구매자도 자신의 취향에 맞춰 인플루언서들을 참고하는 ‘디토 소비’를 추구하고 있다.

대표적인 예로 이재용 삼성전자 회장이 신은 운동화 스케쳐스는 GS샵에서 누적 매출 1200억원을 달성했고, 블랙핑크의 제니가 자신의 SNS에 패션 브랜드 코스가 출시한 퀼팅백 오버사이즈를 메고 찍은 사진을 올리면서 퀼팅백에 대한 관심을 폭발적으로 증가시켰다."
,"경기 불황 장기화로 높은 구매력을 갖춘 베이비부머(Baby Boomer) 세대와 그들의 자녀세대인 X세대가 2024년에는 소비를 주도할 것으로 보인다.

베이비부머(Baby Boomer)는 6.25 전쟁이 끝난 이후 1955~1963년 사이에 태어난 사람들을 통칭하는 단어이다. 즉 현재의 5060세대이다.

이들은 개인의 경제적 여유를 바탕으로 전 연령대에 비해 가장 많은 소비와 지출을 하는 세대이다. 이들은 은퇴한 이후에도 자기계발 및 레저 활동에도 적극적인 액티브 시니어로 소비 트렌드를 이끌고 있다.

한국문화관광연구원이 발표한 ‘2012~2022년 모바일 음악콘텐츠 이용 시간의 변화’에 따르면 50대의 음원 서비스 이용 시간은 19억8000만 분으로 아이돌 그룹 주 수요층인 10대(10억5000만 분)의 2배 수준이 육박할 정도로 50대 파워는 막강했다. 

넷플릭스나 유튜브 프리미엄 같은 OTT 시장에서도 5060 점유율이 가파르게 증가하고 있따. 한국콘텐츠진흥원에 따르면 50대 OTT 이용률은 2021년 44.4%에서 지난해 54.4%로 10% 포인트 증가했다.

이와 함께 베이비부머의 자녀 세대이자 역사상 가장 부유한 세대로 불리는 X세대도 소비자 관점에서 주목할 필요가 있다.

X세대는 전 세계 인구와 총 지출의 약 3분의 1을 차지하고 있으며, 부모인 베이비부머 세대의 부를 이어받을 세대이다. 

X세대는 그간 MZ 소비자들보다도 높은 브랜드 충성도를 보임에도 불구하고 브랜드 전략이나 광고에 있어서는 외면 받아온 것이 사실이다. 

국내에서 처음으로 ‘신세대’로 불렸던 이들은 문화적 감수성이 풍부하고 트렌드에 민감하며, 패션감각이나 모바일 활용 등에 있어서도 MZ세대 못지 않은 감각을 자랑한다. 

실질적 구매력과 경제력을 갖춘 이들 세대를 패션 업계에서도 폭넓은 시각으로 이해할 필요가 있다. "
,"스타일에 있어서도, X세대의 전성기였던 90년대의 미니멀리즘이 부상하고 있다. 패션의 패러다임이 변화한 패션의 황금기로 평가되던 90년대를 회고하는 무드는 내년 패션을 미리 선보이는 2024년 봄여름 시즌 패션위크에서도 주요 경향으로 나타났다. 

2024년 봄여름 시즌 뉴욕 패션위크에서는 현재 패션계의 루키로 떠오르고 있는 피터 도(Peter Do)가 90년대의 전설적인 브랜드 ‘헬무트 랭(Helmut Lang)’의 CD를 맡으며 미니멀리즘의 컴백을 알렸다. 

블랙과 화이트, 절제된 컬러로 심플하고 간결한 커팅을 더한 에센셜 웨어의 가치가 재조명된다. 

이것은 2023년을 패션시장을 뜨겁게 달궜던 조용한 럭셔리(Quiet Luxury), 올드머니(Oldmoney)와 이어진다. 

과다한 장식과 고급 소재의 사용을 최소화했던 90년대 미니멀리즘은, 새로운 형태와 볼륨을 더하며 지속가능한 패션의 미래로 진화하고 있다. 

장기화되는 경기 불황 예고는 간결하고 단순한 본질에 집중하며, 오히려 패션 그 자체에 집중하게 한다"
,"팬데믹을 거치며 삶의 관점이 보다 가치 중심적인 라이프로 무게중심이 이동됐다. 이를 대변하는 것이 웰니스(Wellness) 라이프 스타일이다. 

웰니스(Wellness)란 신체적, 정신적 건강 + 사회적 건강 + 환경적 건강 등 삶의 다양한 차원에서 건강함을 바탕으로 자신만의 원하는 삶을 살아가는 자기실현 라이프 스타일이다.

좋은 옷을 입는 것을 포함, 좋은 삶을 영위하는 것으로 나아가는 라이프스타일의 변화에 따라, 이제는 보다 통합적인 개념의 ‘웰니스(Wellness)’가 패션과 짝을 이루는 키워드가 2024년의 새로운 화두로 떠오를 것으로 전망된다. 

웰니스는 건강과 뷰티, 헬스케어, 식음료 분야 등에 많이 쓰이는데 사실 웰니스의 개념은 단순한 건강을 의미하지 않으며 더 광범위한 삶에 대해서 다루어지고 있다. 

웰니스 라이프는 단순히 운동이나 식습관 같은 신체적인 부분만 다루는 것이 아니라 정신적인 것 그리고 삶에서 살아가는 실질적인 것, 무엇보다 인간의 가장 높은 욕구에 해당하는 '자기실현', '목적 있는 삶'의 방향성과도 연결되어 있다.

따라서 패션에서도 소비자들이 지향하는 웰빙과 ‘좋은 삶’을 추구하는 경향과 발맞춰, 건강한 생활과 긍정적인 마인드의 중요성을 부각시키는 애슬레저(Athleisure) 영역에서 비즈니스 기회를 엿본다. 

올해 가시적이었던 스포츠 브랜드의 성장과 아웃도어 브랜드들의 재도약 역시 같은 맥락에 있다"
,"편의점 도시락으로 점심을 때우면서 명품 가방을 산다!” 

“하루의 플렉스를 즐기는 데 가진돈을 모두 쓸 수 있다.”

부자는 못 될지언정 부자 체험을 해보는 것은 중요하며, 삶은 선택의 연속이라지만 꼭 선택해야 할 것도 없다. 열심히 살되, 치열한 삶은 내려놓을 준비가 된 것이다. 

목에 칼이 들어와도 자기 취향은 포기하지 않아서 종잡을 수 없는 요즘 문화소비자, 그리고 시대적 가치 변화를 묵묵히 받아들이는 기성세대 모두가 이러한 트렌드 변화 속에서 한 방향으로 나아가고 있다. 

경제적 합리성을 생각하면서도 한편으로는 자신에게 가장 큰 행복을 안겨주는 상품을 소비하며 문화를 풍부하게 즐기는 ‘이코노-럭스(Econo-Lux)’ 문화소비자가 나타나고 있다. 

이제 ‘럭셔리’의 의미는 세대마다 사람마다 다르게 해석되고 있다.

검소하면서도 럭셔리하고 대중적이면서도 고급진, 지역적이면서도 글로벌한 양면적인 모습을 지니고 있다. 

멀티플 N의 시대를 살아가는 그들은 자기만의 고유하고 역동적인 기준에 따라 경제적으로 합리적이면서도 자신에게 가장 큰 만족감과 행복함을 주는 제품과 서비스를 소비한다.

대체제가 너무 많은 시장에서, 얼마나 색다르고 특별한 경험을 제공하느냐에 따라 사람들의 흥미나 관심도가 달라지는 것이다. 

브랜드와 관련된 색다른 경험을 제공하는 ‘팝업스토어, 리미티드 에디션, Chat GPT’가 중요해진 이유다."
,"소비자들은 이제 브랜드의 사회적 입지나 전통을 따지기 보다 자신이 가신 사회적, 정서적 가치를 얼마나 잘 대변해 주는지를 더 중시하게 생각한다.

따라서 이제는 소비자의 지불 의향에 포커스를 맞춘 가격 전략이 중요해졌다.

소비자의 지불 의향을 정확히 파악하는 빅데이터의 활용과 실시간으로 모든 변수를 측정해내는 AI의 발달은 시간, 장소, 유통 채널에 따라 가격이 달라지는 일몰N가의 세상을 열고 있다. 

‘일물일가’의 법칙은 같은 물건이라면 세계 어디에서나 가격이 같아야 한다는 가방 일반적인 경제 법칙 중 하나다.

하지만 이미 현실 세계에서는 일물일가 법칙이 완벽하게 적용되기 쉽지 않다. 

운송비나 수수료 등 비용 차이가 발생할 수 있고 각국 정부의 보호무역 정책도 항상 변수로 작용한다. 

특히 같은 물건이라도 소비자의 구매 패턴과 선호도를 파악하고 상황에 따라 다른 가격을 제시해야 하는 유통 기업들 입장에서는 일물N가의 법칙이 활용도 더 높을 수 있다.

구글은 항공권 검색 서비스 ‘구글 플라이트’에 AI 기반 서비스를 도입해 소비자의 최적화된 항공권 검색을 지원한다. 항공권 요금이 더 낮아질 가능성이 없다고 판단되는 경우 ‘최저가 보장’ 인증 마크를 붙이는 방식을 사용한다. 만약 최저가 보장 인증 마크가 붙은 항공권을 구매한 이후 더 낮은 가격의 항공권이 발견되면 구글에서 차액을 환불해 준다.

2017년 서비스를 개시한 한국 스타트업 트렌비는 명품 중고 거래 영역에서 강자로 부상하고 있다. AI 기술을 활용해 국내외 매장을 모두 추적해 에르메스, 샤넬 등 럭셔리 브랜드 제품의 최저가 구매를 지원한다. 

특히 “외형만으로 제품을 정확히 알기 어렵다”는 소비자 수요를 반영해 사진으로 제품을 분류하고 정품 여부를 감정 인증하는 서비스도 제공한다."
,"미국의 글로벌 색채연구소 팬톤이 2024년 올해의 컬러로 평화와 평온을 떠올리게 하는 가벼운 느낌의 과일 색조 '피치 퍼즈(Peach Fuzz, 팬톤 13-1023)'를 선정했다.

팬톤은 7일(현지시간) 피치 버즈가 새로운 부드러움에 대한 신선한 접근방식을 제시한다고 평가하며 미묘하게 관능적인 복숭아 색조로 부드러움을 선사하고 배려와 나눔, 공동체와 협업의 메시지를 전달한다고 설명했다.

피치 퍼즈(Peach Fuzz)는 팬톤이 발표한 2024년 올해의 공식 컬러로 팬톤의 연간 색상 예측 25주년을 기념하는 컬러이기도 하다. 

팬톤컬러연구소의 색상 전문가인 리트리스 아이즈먼은 CNN과의 인터뷰에서 “우리는 삶에서 많은 혼란을 겪고 있으며, 우리를 보살피는 색상이 필요하다”고 설명했다.

이어 ""분홍색(Pink)과 오렌지(Orange) 사이에 부드럽게 자리잡은 벨벳처럼 부드러운 복숭아색(Peach)은 모든 것을 포용하는 정신으로 몸과 마음, 영혼을 풍요롭게 한다""고 밝혔다.

또한 팬톤은 “피츠 퍼즈는 따뜻하고 아늑한 색조며 매우 촉각을 자극한다”라며 “지금처럼 혼란한 때일수록 다른 사람들을 만지고 집으로 모을 수 있는 촉각을 통한 자극이 정말 중요하다고 느낀다”고 강조했다.

한편 복숭아 톤은 지난 9월 이탈리아 밀라노에서 열린 2024 S/S 패션쇼에서 구찌, 질 샌더, 스포츠막스 등 대표적인 럭셔리 브랜드들이 관능적인 분위기의 복숭아빛 컬러를 대거 선보인 색상이다.

지난 3월 지난 3월 캘리포니아 베벌리힐스에서 열린 베니티 페어 오스카 파티에서 힐러리 더프가 란제리에서 영감을 받은 복숭아색의 돌체 앤 가바나 드레스를 입은 바 있다.

우마 서먼도 한 시상식에서 프라다 컬렉션의 복숭아색 드레스를 입고 참석했다"
https://www.fashionbiz.co.kr/207807,"요즘 젊은 친구들은 말이야…’에서 ‘젊은 친구’를 담당하고 있는 ‘Z세대’는 과연 어디서 옷을 살까? 1996년부터 2010년에 태어난 이들을 지칭하는 용어인 Z세대, 이른바 ‘젠지세대’는 대한민국 청년층의 주축으로서, 빠르게 변화하는 패션 시장에 막강한 영향력을 미치고 있다. 이들이 입는 옷은 곧 유행이 되고 흐름이 되며, 이 파도에 잘 올라탄 브랜드만이 ‘핫한 브랜드’라는 명예로운 칭호를 얻을 수 있다.

 

Z세대는 2023년 12월 기준 우리나라 전체 인구의 약 17%를 차지하고 있다. 이들은 ‘디지털 원주민(Digital Native)’이라는 별명을 가진 세대답게 온라인과 모바일 기기 사용에 능숙하고, 신기술에 민감하며, 소비활동에도 이를 적극적으로 활용하는 특성이 있다. 소셜 미디어를 일상적으로 사용하고 신중한 소비를 지향하는 등 이전 세대와는 다른 Z세대의 변칙적인 움직임은 기업의 마케팅 전략에도 큰 반향을 일으키고 있다.

 

이전에는 적극적으로 활용하지 않았던 유튜브와 인스타그램 등 온라인 플랫폼을 통해 제품을 홍보하는가 하면, 신중한 소비 성향을 고려한 가치소비 마케팅, 생산자와 얽힌 브랜드 스토리를 공유하는 스토리텔링형 브랜딩에 더욱 집중하고 있는 것. 단편적인 스타일 유행을 넘어 기업의 브랜딩과 마케팅 전략까지 영향을 주고 있는 Z세대의 존재감을 결코 무시할 수 없는 실정이다.

 

그렇다면 이들은 어디에서 옷을 살까? 또 어떤 방식으로, 어느 브랜드를 주목하고 있을까? 한 달에 의복 구매에 사용하는 비용은 어느 정도인지, 일 년에 몇 벌의 옷을 구매하는지 등 유행을 선도하는 거대 소비 집단인 Z세대의 패션 소비 패턴을 분석하고, 미디어에서 다루고 있는 모습과 이들의 실제 상품 구매 행동에는 어떤 차이가 있는지 살펴봤다. 

 

이들은 전자기기에 익숙한 세대답게 오프라인보다 온라인 구매를 더 선호하는 것으로 나타났다. 합리적인 가격과 쉽고 빠르게 여러 상품을 살펴볼 수 있다는 점이 크게 작용했다. 그러나 전자기기에 익숙한 Z세대라고 해서 꼭 온라인에서만 옷을 구매하지는 않았다. 의류 특성상 색감과 소재, 상세한 치수와 핏 등 오프라인에서 확인해야만 알 수 있는 정보들이 많기 때문이다.

 

이렇듯 다양한 질문을 구성해 약 400명의 소비자들에게 설문조사를 실시했다. 또 연령별로 구간을 나눠 실제 Z세대 소비자들의 의견을 담은 짧은 인터뷰도 진행했다. 거시적인 소비 행태에 대한 질문 외에도 ‘가장 자주 입는 브랜드’ ‘요즘 들어 관심이 가는 브랜드’ 등 실생활에 밀착한 질문을 구성해 이들의 라이프스타일과 취향을 들여다봤다."
,"Z세대 61% ‘온·오프’ 고르게 이용

이번 설문에는 총 384명의 Z세대(1996~2010년생)가 참여했다. 1996~2000년생(57.8%), 2001~2005년생(36.5%), 2006~2010년생(5.7%)으로 20대 중후반의 답변 비율이 가장 높았으며, 남성 58.9%와 여성 41.1%로 남성 답변자가 17%포인트 더 많았다. 이들의 쇼핑 패턴을 구체적으로 알아보기 위해 온·오프라인 쇼핑 이용에 대한 질문을 던졌다. 온·오프라인 모두 이용 61.5%, 온라인만 이용 35.4%, 오프라인만 이용 3.1%로 오프라인보다 온라인 환경에서 쇼핑하는 것을 더 선호한다는 것을 알 수 있었다.

 

온라인만 이용한다고 답변한 사람 대부분(80.9%)이 무신사, 29CM, 지그재그와 같은 패션 플랫폼에서 쇼핑을 하는 것으로 나타났다. 뒤이어 블로그, 인스타 마켓 등 보세 쇼핑몰5.9%, 쿠팡 등과 같은 오픈마켓 4.5%, 빈티지·온라인 편집숍·브랜드 공식몰이 각각 2.9%로 나왔다. 오프라인만 이용한다고 답한 사람은 백화점과 복합몰을 주로 이용하는 것으로 나타났다.

 

온·오프라인을 모두 이용한다고 답변한 이들에게는 그들의 구체적인 이용 비율을 물었다. [온라인:오프라인 이용 비율] 답변 결과 8:2(33.1%), 7:3(21.2%), 6:4(19.5%), 5:5(8.5%), 9:1(5.9%) 순으로 결과가 나왔다. 오프라인보다 온라인을 선호한다가 거의 80%로 높은 수치를 나타냈다.

 

이들이 이토록 온라인을 선호하는 이유는 무엇일까? 가장 많이 나온 의견으로는 온라인이 오프라인보다 가격 면에서 저렴해 온라인으로 제품을 구매한다는 답변이 대부분이었다. 할인 쿠폰과 한시적 타임 세일, 각 패션 플랫폼의 적립금 등 온라인 특화 전략이 크게 작용한 것으로 보인다."
,"그다음 이유로는 온라인 구매의 편리함을 꼽았다. 오프라인보다 더 다양한 상품을 빠르고 쉽게 비교할 수 있는 온라인에서 실시간으로 가격을 확인하고 디자인을 살펴보며 시간과 체력을 아낄 수 있다는 것이다. 구매를 원하는 상품의 매장이 멀거나 오프라인 매장에서 전개하지 않고 온라인에서만 판매하는 경우 소비자들은 대부분 온라인 쇼핑을 선택했다.

 

또 주요 플랫폼의 경우에는 큐레이팅 서비스, 즉 제품 추천과 소개 콘텐츠 등을 통해 기존에 알지 못했던 브랜드를 쉽게 알 수 있다는 점을 주요 이유로 언급했다. 실제 핏과 사이즈, 색감과 같은 물리적인 부분에서도 온라인에 구매자가 작성한 후기들이 자세히 나와 있어 이 부분을 활용하면 만족스러운 쇼핑 또한 가능하다고 답하기도 했다.

 

이러한 온라인의 장점에도 불구하고 오프라인에서 구매한다는 비율도 꽤 있었다. ‘온라인은 피팅이 불가해 사이즈가 딱 맞는 옷을 구매하기 어렵다’ ‘오프라인의 가격이 온라인에 비해 조금 더 비싸더라도 색감과 원단을 직접 확인하고 싶어 오프라인을 선호한다’ ‘온라인과 다르게 배송을 기다릴 필요 없다’ 등이 오프라인을 선호하는 주요 이유로 꼽혔다. 또 ‘온라인에는 많은 브랜드가 있어 무엇을 구매해야 할지 모르겠다’라는 의견도 있었다."
,"Z세대가 오프라인에서 쇼핑을 한다면 주로 어디를 갈까. 선호하는 쇼핑 지역을 묻는 질문에 성수동(20%)을 자신의 최애 쇼핑 지역으로 꼽았다. 뒤이어 홍대(14.7%), 한남동(9.5%), 압구정동(4.7%), 명동(3.7%), 가로수길(3.2%) 등이 이름을 올렸다.

 

많은 소비자들이 다양한 브랜드 스토어 및 편집숍, 플래그십스토어가 한 지역에 있어 한 번에 많은 아이템을 볼 수 있는 편리함 때문에 성수동을 찾는다고 답했다. 다른 지역에 비해 상대적으로 매장 간 거리는 멀지만 가는 길목 길목마다 다양한 팝업스토어와 쇼룸 등이 즐비해 지루하지 않고 한 곳 한 곳 들러 쇼핑하는 재미가 있다는 의견도 있었다.

 

홍대는 빈티지와 보세 제품을 취급하는 매장이 많아 가볍게 구경하면서 쇼핑하기 좋다는 의견이 대다수였고 압구정로데오는 도메스틱부터 하이엔드 브랜드까지 다양한 카데고리의 제품을 만나볼 수 있어 찾는다고 답한 이들이 많았다."
,"Z세대는 과연 의류 구매에 얼마를 투자하고 있을까. ‘한 달에 평균적으로 패션에 소비하는 금액’에 대한 물음에서는 과반수에 가까운 사람이 10만원 이상 30만원 미만(46.9%)을 선택했다. 이어 10만원 미만(32.8%)과 30만원 이상 50만원 미만(17.2%)이 뒤를 이었다. 또 의류 구매가 총소비에서 차지하는 비중에 대한 물음에서는 47.1%의 소비자들이 ‘10% 이상 30% 미만’을 선택했다.

이어 1년 동안 몇 벌의 의류를 구매하는가에 대한 질문에서는 과반수가 ‘10벌 이상 30벌 미만(55.7%)’을 골랐다. 1년에 옷을 10벌도 구매하지 않는 소비자는 29.2%로 전체의 3분의 1 수준이었고, 30벌 이상 구매하는 ‘쇼핑 마니아’들은 14.6%를 차지했다.

‘의류 구매 시 가장 중요하게 생각하는 것’에 대한 물음에서는 ‘디자인’이 42.7%의 비율로 가장 높았으며, 이어 ‘핏’과 ‘품질’이 각각 34.4%와 10.4%의 비율을 보였다. 또 ‘주로 구매하는 패션 아이템’에 대한 질문에서는 58.3%의 응답자가 ‘상의’를 골랐고 ‘아우터’와 ‘하의’가 각각 17.7%와 15.6%로 뒤를 이었다."
,"가격 측면이 크게 작용한 것일까. Z세대 소비자 남자와 여자 모두 ‘제일 자주 입는 브랜드’에 대한 주관식 질문에서 SPA 브랜드 ‘유니클로’와 ‘자라’, 글로벌 스포츠 브랜드 ‘나이키’ 등 비교적 가성비가 좋은 브랜드들을 응답했다.
유니클로와 나이키를 제일 자주 입는다고 해서 이 브랜드에 가장 관심이 많은 것은 아니었다. ‘요즘 관심을 갖고 있는 브랜드’에 대한 물음에서 남성 소비자는 ‘폴로’ ‘러프사이드’ ‘쿠어’ 등의 해외 브랜드들과 국내의 신예 브랜드를 언급했다. 여성 소비자들은 ‘미스치프’ ‘자라’ ‘산산기어’ 등의 브랜드를 언급했다.
디지털 원주민인 Z세대답게 ‘어디서 패션 스타일을 참고하는가’에 대한 질문에서 응답자의 3분의 1이 넘는 38.5%가 인스타그램을 참고한다고 밝혔다. 이어 유튜브가 16.1%, 핀터레스트가 10.3%였고 패션 매거진이 7.2%, 패션커뮤니티가 4.4%였다. 특히 남성 소비자들은 인스타그램 다음으로 유튜브를, 여성 소비자들은 인스타그램 다음으로 핀터레스트를 꼽았다. "
https://www.vogue.co.kr/2024/01/10/%EC%A7%80%EA%B8%88-%EC%95%8C%EC%95%84%EC%95%BC-%ED%95%A0-2024%EB%85%84-%EC%A3%BC%EC%9A%94-%ED%8C%A8%EC%85%98-%ED%8A%B8%EB%A0%8C%EB%93%9C/,"2024년 가장 주목받은 컬렉션을 꼽으라면, 단연 무대 없이 치러진 피비 파일로의 온라인 컬렉션입니다. 피비 파일로가 셀린느를 떠난 지 5년 만의 복귀작이었으며, 예정된 9월 공개 일정이 미뤄지자 한 달 내내 피비에 대한 이야기로 패션 계정이 떠들썩할 정도였죠. 일정을 미룬 것이 2024 S/S 컬렉션 디자이너들을 배려하기 위함이었는지, 컬렉션의 화제성을 높이기 위한 전략이었는지는 알 수 없지만, 완판 행렬을 이어가며 브랜드 가치를 입증했습니다.
떠나는 사람도 새로 등장한 인물도 있었죠. 2024 S/S 컬렉션을 끝으로 사라 버튼은 알렉산더 맥퀸을 떠났고, 가브리엘라 허스트 또한 마지막 끌로에 컬렉션을 선보였습니다. 그런가 하면 톰 포드가 떠난 자리를 피터 호킹스가 차지했고, 구찌는 사바토 데 사르노, 헬무트 랭은 피터 도, 까르벵은 루이스 트로터가 새로이 등장했죠. 케어링 그룹 중 여성이나 유색인종이 이끄는 패션 브랜드는 단 한 곳도 없다는 점이 문제로 떠오르기도 했고요."
https://www.vogue.co.kr/2024/05/17/%ed%8c%ac%ec%b8%a0%ec%99%80-%ec%9b%90%ed%94%bc%ec%8a%a4-%ec%a7%80%ea%b8%88%eb%b6%80%ed%84%b0%eb%8a%94-%ec%9d%b4%eb%a0%87%ea%b2%8c-%ec%a7%9d%ec%a7%80%ec%9c%bc%ec%84%b8%ec%9a%94/,"팬츠 위에 원피스는 2000년대를 빼놓고 논할 수 없는 패션입니다. 당시 셀럽들은 일상에서뿐 아니라 레드 카펫에서도 거리낌 없이 즐겨 입었죠.
20년이 지난 지금, 이 조합은 단순히 향수를 불러일으키는 패션이 아닙니다. 동시대의 손길을 거쳐 현대적이고 세련된 모습으로 탈바꿈했죠. 미니멀, 캐주얼, 보헤미안 모두 다 가능합니다. 스타일과 연령 불문 모두가 즐길 수 있는 매치로 자리 잡았다는 뜻입니다. 2000년대에는 브리트니 스피어스의 음악을 즐겨 듣는 10대들의 전유물이었을지 몰라도요.
팬츠 위에 원피스는 2024 S/S 런웨이에도 빠지지 않고 등장했습니다. 스트리트 패션을 사로잡은 지는 이미 오래고요. 2024년에는 튜닉 원피스와 보헤미안 드레스, 테일러드 팬츠와 미니 드레스 등 다양한 범위의 아이템이 동원됩니다. 스타일링도 훨씬 더 유연하고 정교하죠. 함께 살펴볼까요?
올 봄과 여름에는 블라우스를 비롯한 상의가 더 이상 필요하지 않을지도 모르겠습니다. 리틀 블랙 드레스만 있다면요! 브랜든 맥스웰이 2024 S/S 컬렉션에서 보여준 것처럼 클래식한 블랙 드레스에 플레어 팬츠를 입어보세요(당연히 팬츠 색깔은 블랙이어야겠죠). 은은하게 흐르는 레트로 무드와 함께 우아하고 미니멀한 멋을 장착할 수 있습니다.
보헤미안 드레스와 청바지는 보장된 조합입니다. 단, 이때는 스트레이트, 슬림 진이 적합해요. 와이드 데님은 부해 보일 수 있거든요. 드레스는 오간자처럼 얄브스름한 소재일수록 좋겠고요. 짐머만은 레이스 디테일과 플로럴 모티브가 돋보이는 롱 드레스로 로맨틱 무드를 강조했습니다."
,"여름의 느긋한 분위기를 담기에 제격입니다. 특히 바람이 솔솔 부는 해변가에서 빛을 발할 조합이지요. 알베르타 페레티는 셔츠 드레스의 단추를 풀어 무게감을 덜어냈군요. 팬츠는 파자마처럼 허리 부분이 밴딩이나 드로스트링이면 좋겠습니다. 셔츠 드레스의 가뿐함에 장단을 맞출 수 있도록요.
사바토 데 사르노는 구찌 데뷔 쇼에서 플리츠 주름이 잡힌 1970대식 와이드 데님과 비즈, 프린지 장식을 수놓은 미니 드레스를 한데 붙였습니다. 캐주얼과 우아함을 오가는, 재미있는 실루엣이 탄생했죠. 시종일관 반짝이는 드레스는 룩에 생기를 불어넣었고요.
"
,"드레스와 팬츠는 조르지오 아르마니의 클래식 매치 중 하나입니다. 다채로운 텍스처와 커팅 디테일을 꾸준히 선보여왔죠. 2024 S/S 시즌에는 실크 소재의 스트랩리스 뷔스티에와 시가렛 팬츠를 결합했는데요. 눈여겨봐야 할 건 디테일입니다. 허리선을 감싼 두꺼운 벨트, 카멜과 블루 컬러의 조화, 플랫한 앵클 부츠까지, 신선하고 조화롭습니다.
"
https://www.vogue.co.kr/2024/02/06/2024%eb%85%84%ec%97%90%eb%8f%84-%ec%9d%b4%ec%96%b4%ec%a7%88-%eb%85%bc%ec%9f%81%ec%a0%81%ec%9d%b8-%ed%8a%b8%eb%a0%8c%eb%93%9c-5/,"해외 셀럽들의 전유물로만 여겨지던 팬츠리스 트렌드가 최근 국내에도 빠르게 퍼지고 있습니다. 런웨이도 당분간 멈출 생각이 없는 듯하고요. 거리에서는 마이크로 쇼츠처럼 하의를 짧게 입은 실루엣이 자주 보이겠군요.
"
,"이미 데일리 스타일링으로 자리 잡았죠. 이제 더 이상 2000년대 레트로 무드만 내세우지 않습니다. 여성복뿐 아니라 남성복에서도 두각을 드러내고 있고요. 온라인 패션 플랫폼 스타일라이트(Stylight)가 최근 발표한 보고서에 따르면 이 스타일에 대한 구글 검색량이 37%나 증가했다고 하죠.
"
,"호불호가 치열하게 갈리는 아이템일수록 트렌드가 될 가능성이 높아집니다. 허벅지부터 발목까지 원을 그린 것처럼 둥글게 떨어지는 실루엣, 배럴 진도 그중 하나죠. 스키니 진만큼 뜨거운 논란을 불러왔으니까요. 예의 주시할 필요가 있죠. 호스슈, 벌룬 등 정도에 따라 별명도 다양합니다."
,"슬립 스커트의 인기도 지난해보다 더 높아질 듯합니다. 올해엔 1990년대 미니멀 패션의 본격적인 전성기가 시작될 테니까요. 속이 훤히 비치는 시스루까진 아니더라도 찰랑한 새틴 소재의 스커트 한 벌 정도는 마련해도 좋겠습니다. 무엇보다 안 입은 것처럼 편안합니다.
이제 알록달록한 스타킹에 대한 거부감은 사라졌습니다. 올겨울 모든 곳에서 발견된 레드 스타킹 덕분이죠. 다리를 물들이는 재미에 푹 빠진 우리, 이제 다음 컬러를 슬슬 찾아나설 때입니다. 최근 샤넬 2024 S/S 꾸뛰르에 오른 화이트 스타킹이 자꾸 눈에 밟히긴 하더군요."
https://www.vogue.co.kr/2024/01/03/2024%eb%85%84%ec%97%90%eb%8a%94-%eb%8b%ac%ec%bd%a4%ed%95%98%ea%b2%8c-%ec%9e%85%ec%96%b4%ec%95%bc-%ed%95%9c%eb%8b%a4-%ed%8a%b8%eb%a0%8c%eb%93%9c-%ec%bb%ac%eb%9f%ac-6/,"블랙과 그레이, 화이트와 브라운. 조용한 럭셔리와 올드 머니 스타일의 여파 때문일까요? 2023년 우리의 옷장을 채운 색은 한없이 의젓했습니다(다행히 레드가 활기를 불어넣긴 했죠). 익숙하고 차분한 컬러 덕에 옷 입기는 편했어요. 딱 그만큼 컬러에 대한 갈증도 조금씩 커져갔지만요.

그런 우리의 마음을 알아준 건 2024 런웨이입니다. 올해는 조금 더 알록달록해지자고 말하고 있죠. 원색적인 컬러로 요란했다는 게 아니에요. 파스텔 색조로 컬러풀한 세상에 조심스럽게 발걸음을 뗐거든요. 그 모습은 유약해 보이면서도 로맨틱하고 또 상냥했습니다. 그중 키 컬러 여섯 가지를 가져왔어요. 미리 익혀두자고요, 올봄부터 거리는 지금부터 소개하는 컬러로 흠뻑 달콤해질 테니까요!
올해의 팬톤 컬러기도 하죠. 핑크보다 우아하고 오렌지색보다 순한 피치 퍼즈! 광택이 은은하게 도는 실크 소재 아이템을 선택해보세요. 걸을 때마다 찰랑이는 실루엣이 컬러의 매력을 극대화할 겁니다.
지난 몇 시즌간 꾸준히 트렌드의 문을 두드린 버터 옐로, 올봄에 본격적으로 빛을 보겠습니다. 지나치게 영해 보이지 않을까 걱정된다면 포멀한 블레이저나 셔츠, 벨트 같은 액세서리로 균형을 맞춰보세요. 딱딱한 셰이프와 포근한 컬러감이 우아한 조화를 이룹니다.
새파란 물감에 베이비파우더를 솔솔 뿌린 것만 같습니다. 함께 입기 좋은 컬러는 브라운이 되겠고요. 프린지나 리본 등 페미닌한 디테일이 가미된 디자인은 여름에 입기 제격입니다.
민트에 우유 한 방울을 섞은 듯하군요. 싱그러운 느낌을 내기 좋습니다. 과하지 않은 컬러감 덕에 올 컬러 룩도 문제없고요. 펜디처럼 쨍하고 팝한 컬러를 포인트로 활용한다면 시너지 효과를 낼 수 있습니다.

"
,파스텔 컬러 중 가장 우아하고 성숙한 색 아닐까요? 맥시한 길이의 이브닝 드레스로 도전해보세요. 장식 디테일 없이 미니멀한 디자인으로 선택해도 좋습니다. 차분한 보랏빛이 봄밤을 향긋하게 만들어줄 테니까요.
,"모노톤
흰색, 검정, 회색 계통의 컬러입니다.
남자분들이 가장 즐겨 입으시는 모노톤은 어떤 분위기에서도 세련되고 고급진 멋을 나타내기 때문에 쉽게 매칭하실 수 있습니다.
모던한 감각의 색상으로 심플한 멋을 가지고 있습니다."